,test_ndcg@20,best_test_recall@10,test_recall@10,val_ndcg@5,total_loss,val_ndcg@20,best_val_ndcg@80,test_ndcg@40,best_test_ndcg@80,best_val_recall@80,best_test_recall@40,best_test_recall@5,_runtime,val_ndcg@40,best_test_ndcg@20,best_val_recall@10,best_test_recall@80,_timestamp,best_test_ndcg@10,val_recall@20,val_ndcg@10,test_recall@5,_step,test_ndcg@10,best_val_ndcg@40,test_recall@80,best_val_ndcg@10,best_test_ndcg@40,test_recall@20,val_recall@40,val_recall@5,best_test_recall@20,best_val_recall@20,test_ndcg@5,best_val_recall@5,best_val_ndcg@5,best_val_recall@40,test_recall@40,best_val_ndcg@20,test_ndcg@80,val_ndcg@80,best_test_ndcg@5,val_recall@80,val_recall@10
0,,,,,,,,,,,,0.0005833333432674408,35.977610991,,,,,1755742110.4062314,,,,0.0005833333432674408,0,,,,,,,,,,,,,,,,,,,,,
1,,0.0013333333432674409,0.0013333333432674409,,,,,,,,,,35.97796746,,,,,1755742110.4068363,,,,,1,,,,,,,,,,,,,,,,,,,,,
2,,,,,,,,,,,0.003916666746139526,,35.978646552,,,,,1755742110.4075186,,,,,3,,,,,,,,,,,,,,,0.003916666746139526,,,,,,
3,,,,,,,,,,,,,35.979350067,,,,,1755742110.4082022,,,,,5,,,,,,,,,,,0.00039864879101514817,,,,,,,,0.00039864879101514817,,
4,,,,,,,,,,,,,35.979669045,,,,,1755742110.408549,0.0006947927325963973,,,,6,0.0006947927325963973,,,,,,,,,,,,,,,,,,,,
5,,,,,,,,0.00134952712059021,,,,,35.980426211,,,,,1755742110.4092054,,,,,8,,,,,0.00134952712059021,,,,,,,,,,,,,,,,
6,,,,,,,,,0.0020902466773986814,,,,35.980745113,,,,,1755742110.4096177,,,,,9,,,,,,,,,,,,,,,,,0.0020902466773986814,,,,
7,,,,,,,,,,,,,35.98113407,,,,,1755742110.4099686,,,,,10,,,,,,,,0.0024166667461395265,,,,0.0024166667461395265,,,,,,,,,
8,,,,,,,,,,,,,35.981863842,,,,,1755742110.4106946,,0.0029166667461395265,,,12,,,,,,,,,,0.0029166667461395265,,,,,,,,,,,
9,,,,,,,,,,,,,35.982208668,,,,,1755742110.4110494,,,,,13,,,,,,,0.004333333492279053,,,,,,,0.004333333492279053,,,,,,,
10,,,,,,,,,,0.006833333730697632,,,35.982494577,,,,,1755742110.411402,,,,,14,,,,,,,,,,,,,,,,,,,,0.006833333730697632,
11,,,,0.0017335527390241624,,,,,,,,,35.982872487,,,,,1755742110.411705,,,,,15,,,,,,,,,,,,,0.0017335527390241624,,,,,,,,
12,,,,,,,,,,,,,35.983256634,,,,,1755742110.412096,,,0.0017335527390241624,,16,,,,0.0017335527390241624,,,,,,,,,,,,,,,,,
13,,,,,,0.0018794906139373779,,,,,,,35.98356305,,,,,1755742110.412452,,,,,17,,,,,,,,,,,,,,,,0.0018794906139373779,,,,,
14,,,,,,,0.0027440508008003237,,,,,,35.984243504,,,,,1755742110.4131045,,,,,19,,,,,,,,,,,,,,,,,,0.0027440508008003237,,,
15,,,,,,,,,,,,0.0042500001788139345,71.179726853,,,,,1755742145.56962,,,,0.0042500001788139345,21,,,,,,,,,,,,,,,,,,,,,
16,,,,,,,,,,,,,71.17984035,,,,,1755742145.5702891,,,,,23,,,,,,0.009458333492279052,,,0.009458333492279052,,,,,,,,,,,,
17,,,,,,,,,,,0.016625,,71.179867561,,,,,1755742145.5706697,,,,,24,,,,,,,,,,,,,,,0.016625,,,,,,
18,,,,,,,,,,,,,71.179892284,,,,0.026500000953674316,1755742145.5709202,,,,,25,,,0.026500000953674316,,,,,,,,,,,,,,,,,,
19,,,,,,,,,,,,,71.180009479,,,,,1755742145.571324,0.004439732193946839,,,,27,0.004439732193946839,,,,,,,,,,,,,,,,,,,,
20,0.005220788598060608,,,,,,,,,,,,71.180035327,,0.005220788598060608,,,1755742145.5715568,,,,,28,,,,,,,,,,,,,,,,,,,,,
21,,,,,,,,,0.009091552495956421,,,,71.180105561,,,,,1755742145.5719125,,,,,30,,,,,,,,,,,,,,,,,0.009091552495956421,,,,
22,,,,,,,,,,,,,71.18018977,,,,,1755742145.572502,,0.013416666984558106,,,33,,,,,,,,,,0.013416666984558106,,,,,,,,,,,
23,,,,,,,,,,,,,71.180218617,,,,,1755742145.572677,,,,,34,,,,,,,0.01925,,,,,,,0.01925,,,,,,,
24,,,,,,,,,,0.02633333396911621,,,71.180252695,,,,,1755742145.5728502,,,,,35,,,,,,,,,,,,,,,,,,,,0.02633333396911621,
25,,,,0.005487186670303345,,,,,,,,,71.180276002,,,,,1755742145.5730212,,,,,36,,,,,,,,,,,,,0.005487186670303345,,,,,,,,
26,,,,,,,,,,,,,71.181548345,,,,,1755742145.5731995,,,0.006709172248840332,,37,,,,0.006709172248840332,,,,,,,,,,,,,,,,,
27,,,,,,0.007979148864746094,,,,,,,71.181585702,,,,,1755742145.573391,,,,,38,,,,,,,,,,,,,,,,0.007979148864746094,,,,,
28,,,,,,,,,,,,,71.181617598,0.009460132598876953,,,,1755742145.5735652,,,,,39,,0.009460132598876953,,,,,,,,,,,,,,,,,,,
29,,,,,,,0.010972803592681884,,,,,,71.181643822,,,,,1755742145.5737374,,,,,40,,,,,,,,,,,,,,,,,,0.010972803592681884,,,
30,,,,,9.349598329717463,,,,,,,,71.225354255,,,,,1755742145.6539743,,,,,41,,,,,,,,,,,,,,,,,,,,,
31,,,,,,,,,,,,0.0071666668653488155,106.341448875,,,,,1755742180.7699978,,,,0.0071666668653488155,42,,,,,,,,,,,,,,,,,,,,,
32,,0.01112500023841858,0.01112500023841858,,,,,,,,,,106.341780236,,,,,1755742180.7706423,,,,,43,,,,,,,,,,,,,,,,,,,,,
33,,,,,,,,,,,,,106.342222253,,,,,1755742180.7709913,,,,,44,,,,,,0.01629166793823242,,,0.01629166793823242,,,,,,,,,,,,
34,,,,,,,,,,,0.025000000953674318,,106.342662489,,,,,1755742180.7714233,,,,,45,,,,,,,,,,,,,,,0.025000000953674318,,,,,,
35,,,,,,,,,,,,,106.34295272,,,,0.03733333492279053,1755742180.7718453,,,,,46,,,0.03733333492279053,,,,,,,,,,,,,,,,,,
36,0.008844824075698853,,,,,,,,,,,,106.343944434,,0.008844824075698853,,,1755742180.7728286,,,,,49,,,,,,,,,,,,,,,,,,,,,
37,,,,,,,,,,,,,106.345289372,,,0.01325,,1755742180.7741268,,,,,53,,,,,,,,,,,,,,,,,,,,,0.01325
38,,,,,,,,,,,,,106.345598827,,,,,1755742180.7744722,,0.018500000953674316,,,54,,,,,,,,,,0.018500000953674316,,,,,,,,,,,
39,,,,,,,,,,0.03833333396911621,,,106.346210089,,,,,1755742180.7750645,,,,,56,,,,,,,,,,,,,,,,,,,,0.03833333396911621,
40,,,,0.009000376462936402,,,,,,,,,106.346534909,,,,,1755742180.775412,,,,,57,,,,,,,,,,,,,0.009000376462936402,,,,,,,,
41,,,,,,,,,,,,,106.34679375,,,,,1755742180.7757401,,,0.010596818923950195,,58,,,,0.010596818923950195,,,,,,,,,,,,,,,,,
42,,,,,,0.012252790451049805,,,,,,,106.34714054,,,,,1755742180.7760398,,,,,59,,,,,,,,,,,,,,,,0.012252790451049805,,,,,
43,,,,,,,,,,,,,106.347497217,0.01405645751953125,,,,1755742180.7763581,,,,,60,,0.01405645751953125,,,,,,,,,,,,,,,,,,,
44,,,,,,,0.016737351417541502,,,,,,106.347785898,,,,,1755742180.7766857,,,,,61,,,,,,,,,,,,,,,,,,0.016737351417541502,,,
45,,,,,8.795318672873757,,,,,,,,106.424594428,,,,,1755742180.8532135,,,,,62,,,,,,,,,,,,,,,,,,,,,
46,,,,,,,,,,,,0.008958333730697631,141.442399168,,,,,1755742215.8710494,,,,0.008958333730697631,63,,,,,,,,,,,,,,,,,,,,,
47,,,,,,,,,,,,,141.443166526,,,,,1755742215.8719754,,,,,65,,,,,,0.021250000476837158,,,0.021250000476837158,,,,,,,,,,,,
48,,,,,,,,,,,0.03150000047683716,,141.443499696,,,,,1755742215.8723533,,,,,66,,,,,,,,,,,,,,,0.03150000047683716,,,,,,
49,,,,,,,,,,,,,141.444102101,,,,,1755742215.8729646,,,,,68,,,,,,,,,,,0.007577337622642517,,,,,,,,0.007577337622642517,,
50,0.011873131275177001,,,,,,,,,,,,141.444761946,,0.011873131275177001,,,1755742215.8736422,,,,,70,,,,,,,,,,,,,,,,,,,,,
51,,,,,,,,0.014500608444213867,,,,,141.445016141,,,,,1755742215.8739564,,,,,71,,,,,0.014500608444213867,,,,,,,,,,,,,,,,
52,,,,,,,,,,,,,141.445759424,,,,,1755742215.874592,,,,,73,,,,,,,,0.01133333396911621,,,,0.01133333396911621,,,,,,,,,
53,,,,,,,,,,,,,141.446034894,,,0.015166666984558106,,1755742215.8749528,,,,,74,,,,,,,,,,,,,,,,,,,,,0.015166666984558106
54,,,,,,,,,,,,,141.446407644,,,,,1755742215.8752427,,0.0215,,,75,,,,,,,,,,0.0215,,,,,,,,,,,
55,,,,,,,,,,,,,141.446721184,,,,,1755742215.8755956,,,,,76,,,,,,,0.032000001907348634,,,,,,,0.032000001907348634,,,,,,,
56,,,,,,,,,,0.046,,,141.447088579,,,,,1755742215.875949,,,,,77,,,,,,,,,,,,,,,,,,,,0.046,
57,,,,0.010374558448791505,,,,,,,,,141.447443866,,,,,1755742215.8762786,,,,,78,,,,,,,,,,,,,0.010374558448791505,,,,,,,,
58,,,,,,,,,,,,,141.447794159,,,,,1755742215.8766303,,,0.011896352767944336,,79,,,,0.011896352767944336,,,,,,,,,,,,,,,,,
59,,,,,,,,,,,,,141.448447771,0.016570137977600097,,,,1755742215.8773558,,,,,81,,0.016570137977600097,,,,,,,,,,,,,,,,,,,
60,,,,,,,0.019565048217773436,,,,,,141.448785558,,,,,1755742215.8776698,,,,,82,,,,,,,,,,,,,,,,,,0.019565048217773436,,,
61,,,,,,,,,,,,0.010416666984558105,176.646976327,,,,,1755742251.075628,,,,0.010416666984558105,84,,,,,,,,,,,,,,,,,,,,,
62,,,,,,,,,,,,,176.647609007,,,,,1755742251.0765214,,,,,86,,,,,,0.025375000953674315,,,0.025375000953674315,,,,,,,,,,,,
63,,,,,,,,,,,0.03550000047683716,,176.647951644,,,,,1755742251.0768008,,,,,87,,,,,,,,,,,,,,,0.03550000047683716,,,,,,
64,,,,,,,,,,,,,176.648297704,,,,0.05191666793823242,1755742251.0771475,,,,,88,,,0.05191666793823242,,,,,,,,,,,,,,,,,,
65,,,,,,,,,,,,,176.648606405,,,,,1755742251.0774987,,,,,89,,,,,,,,,,,0.008547511696815491,,,,,,,,0.008547511696815491,,
66,,,,,,,,,,,,,176.648885645,,,,,1755742251.0777993,0.011349949359893799,,,,90,0.011349949359893799,,,,,,,,,,,,,,,,,,,,
67,,,,,,,,0.01636839962005615,,,,,176.649580573,,,,,1755742251.0784667,,,,,92,,,,,0.01636839962005615,,,,,,,,,,,,,,,,
68,,,,,,,,,,,,,176.650523263,,,0.01558333396911621,,1755742251.079491,,,,,95,,,,,,,,,,,,,,,,,,,,,0.01558333396911621
69,,,,,,,,,,,,,176.650827771,,,,,1755742251.0797641,,0.024666667938232422,,,96,,,,,,,,,,0.024666667938232422,,,,,,,,,,,
70,,,,,,,,,,,,,176.651210306,,,,,1755742251.080062,,,,,97,,,,,,,0.03625000190734863,,,,,,,0.03625000190734863,,,,,,,
71,,,,,,,,,,0.05325000190734863,,,176.651575483,,,,,1755742251.0804183,,,,,98,,,,,,,,,,,,,,,,,,,,0.05325000190734863,
72,,,,0.010539538860321045,,,,,,,,,176.651907359,,,,,1755742251.0807629,,,,,99,,,,,,,,,,,,,0.010539538860321045,,,,,,,,
73,,,,,,0.014998459815979004,,,,,,,176.652595263,,,,,1755742251.081484,,,,,101,,,,,,,,,,,,,,,,0.014998459815979004,,,,,
74,,,,,,,0.021468240737915038,,,,,,176.653274625,,,,,1755742251.0821364,,,,,103,,,,,,,,,,,,,,,,,,0.021468240737915038,,,
75,,,,,7.909351686997847,,,,,,,,176.731667483,,,,,1755742251.1604867,,,,,104,,,,,,,,,,,,,,,,,,,,,
76,,,,,,,,,,,,0.012666667461395264,211.843033145,,,,,1755742286.2713761,,,,0.012666667461395264,105,,,,,,,,,,,,,,,,,,,,,
77,,,,,,,,,,,,,211.844221241,,,,,1755742286.272848,,,,,107,,,,,,0.02820833396911621,,,0.02820833396911621,,,,,,,,,,,,
78,,,,,,,,,,,0.03895833492279053,,211.844719282,,,,,1755742286.2733755,,,,,108,,,,,,,,,,,,,,,0.03895833492279053,,,,,,
79,,,,,,,,,,,,,211.845165099,,,,0.05412500095367432,1755742286.2738929,,,,,109,,,0.05412500095367432,,,,,,,,,,,,,,,,,,
80,,,,,,,,,,,,,211.845633659,,,,,1755742286.274365,,,,,110,,,,,,,,,,,0.010740099430084228,,,,,,,,0.010740099430084228,,
81,0.016122910261154175,,,,,,,,,,,,211.846283906,,0.016122910261154175,,,1755742286.2751472,,,,,112,,,,,,,,,,,,,,,,,,,,,
82,,,,,,,,0.018841226577758788,,,,,211.846586559,,,,,1755742286.275472,,,,,113,,,,,0.018841226577758788,,,,,,,,,,,,,,,,
83,,,,,,,,,0.022039022922515868,,,,211.846856696,,,,,1755742286.275791,,,,,114,,,,,,,,,,,,,,,,,0.022039022922515868,,,,
84,,,,,,,,,,,,,211.847160746,,,,,1755742286.2760632,,,,,115,,,,,,,,0.012166666984558105,,,,0.012166666984558105,,,,,,,,,
85,,,,,,,,,,,,,211.847550982,,,0.018000000953674315,,1755742286.2763848,,,,,116,,,,,,,,,,,,,,,,,,,,,0.018000000953674315
86,,,,,,,,,,,,,211.847816393,,,,,1755742286.276746,,0.028000000953674317,,,117,,,,,,,,,,0.028000000953674317,,,,,,,,,,,
87,,,,,,,,,,,,,211.848109327,,,,,1755742286.2770207,,,,,118,,,,,,,0.03766666793823242,,,,,,,0.03766666793823242,,,,,,,
88,,,,0.010931376457214356,,,,,,,,,211.848753864,,,,,1755742286.2776496,,,,,120,,,,,,,,,,,,,0.010931376457214356,,,,,,,,
89,,,,,,,,,,,,,211.849092754,,,,,1755742286.277964,,,0.013246358871459961,,121,,,,0.013246358871459961,,,,,,,,,,,,,,,,,
90,,,,,,0.016388436794281005,,,,,,,211.849413721,,,,,1755742286.2782567,,,,,122,,,,,,,,,,,,,,,,0.016388436794281005,,,,,
91,,,,,,,,,,,,,211.849711078,0.018845917701721192,,,,1755742286.2786005,,,,,123,,0.018845917701721192,,,,,,,,,,,,,,,,,,,
92,,,,,7.514069071683017,,,,,,,,211.929152699,,,,,1755742286.3579683,,,,,125,,,,,,,,,,,,,,,,,,,,,
93,,,,,,,,,,,,0.013250000715255738,247.038867095,,,,,1755742321.4675558,,,,0.013250000715255738,126,,,,,,,,,,,,,,,,,,,,,
94,,,,,,,,,,,,,247.040703614,,,,,1755742321.469552,,,,,131,,,,,,,,,,,0.011432323217391968,,,,,,,,0.011432323217391968,,
95,0.01719965887069702,,,,,,,,,,,,247.04139061,,0.01719965887069702,,,1755742321.4702208,,,,,133,,,,,,,,,,,,,,,,,,,,,
96,,,,,,,,,,,,,247.042524802,,,,,1755742321.471358,,,,,136,,,,,,,,0.013166666984558106,,,,0.013166666984558106,,,,,,,,,
97,,,,,,,,,,,,,247.043557516,,,,,1755742321.4724586,,,,,139,,,,,,,0.04183333396911621,,,,,,,0.04183333396911621,,,,,,,
98,,,,,,,,,,,,,247.044620251,,,,,1755742321.4734952,,,0.014494264125823974,,142,,,,0.014494264125823974,,,,,,,,,,,,,,,,,
99,,,,,,0.01712385082244873,,,,,,,247.044925488,,,,,1755742321.4738314,,,,,143,,,,,,,,,,,,,,,,0.01712385082244873,,,,,
100,,,,,,,,,,,,,247.045307873,0.020336207389831544,,,,1755742321.4741495,,,,,144,,0.020336207389831544,,,,,,,,,,,,,,,,,,,
101,,,,,,,0.024157641410827636,,,,,,247.045614344,,,,,1755742321.4744945,,,,,145,,,,,,,,,,,,,,,,,,0.024157641410827636,,,
102,,,,,7.125468947670677,,,,,,,,247.122899098,,,,,1755742321.5517478,,,,,146,,,,,,,,,,,,,,,,,,,,,
103,,0.022166666984558107,0.022166666984558107,,,,,,,,,,282.316159711,,,,,1755742356.7449946,,,,,148,,,,,,,,,,,,,,,,,,,,,
104,,,,,,,,,,,,,282.316487818,,,,,1755742356.745365,,,,,149,,,,,,0.030250001430511476,,,0.030250001430511476,,,,,,,,,,,,
105,,,,,,,,,,,0.04141666793823242,,282.316825861,,,,,1755742356.745691,,,,,150,,,,,,,,,,,,,,,0.04141666793823242,,,,,,
106,,,,,,,,,,,,,282.317147372,,,,0.055166667938232425,1755742356.746017,,,,,151,,,0.055166667938232425,,,,,,,,,,,,,,,,,,
107,,,,,,,,,,,,,282.317514295,,,,,1755742356.7463672,,,,,152,,,,,,,,,,,0.012517571449279785,,,,,,,,0.012517571449279785,,
108,,,,,,,,,,,,,282.317807221,,,,,1755742356.7467017,0.015572640895843506,,,,153,0.015572640895843506,,,,,,,,,,,,,,,,,,,,
109,0.018091968059539797,,,,,,,,,,,,282.318166867,,0.018091968059539797,,,1755742356.7470307,,,,,154,,,,,,,,,,,,,,,,,,,,,
110,,,,,,,,0.02094935083389282,,,,,282.318538222,,,,,1755742356.7473924,,,,,155,,,,,0.02094935083389282,,,,,,,,,,,,,,,,
111,,,,,,,,,0.023864488124847413,,,,282.318837324,,,,,1755742356.7477267,,,,,156,,,,,,,,,,,,,,,,,0.023864488124847413,,,,
112,,,,,,,,,,,,,282.319205202,,,,,1755742356.7480571,,,,,157,,,,,,,,0.015666666984558104,,,,0.015666666984558104,,,,,,,,,
113,,,,,,,,,,,,,282.31987763,,,,,1755742356.7487714,,0.030583333015441895,,,159,,,,,,,,,,0.030583333015441895,,,,,,,,,,,
114,,,,,,,,,,,,,282.320242663,,,,,1755742356.7490969,,,,,160,,,,,,,0.04450000190734863,,,,,,,0.04450000190734863,,,,,,,
115,,,,0.013179760456085205,,,,,,,,,282.320880044,,,,,1755742356.749787,,,,,162,,,,,,,,,,,,,0.013179760456085205,,,,,,,,
116,,,,,,,,,,,,,282.321983559,0.022057584762573242,,,,1755742356.750888,,,,,165,,0.022057584762573242,,,,,,,,,,,,,,,,,,,
117,,,,,,,0.02522125434875488,,,,,,282.322345354,,,,,1755742356.75122,,,,,166,,,,,,,,,,,,,,,,,,0.02522125434875488,,,
118,,,,,6.7549050504511055,,,,,,,,282.400252791,,,,,1755742356.8288746,,,,,167,,,,,,,,,,,,,,,,,,,,,
119,,,,,,,,,,,,0.016291667222976685,317.557451338,,,,,1755742391.9861188,,,,0.016291667222976685,168,,,,,,,,,,,,,,,,,,,,,
120,,0.022166667461395263,0.022166667461395263,,,,,,,,,,317.557830734,,,,,1755742391.9866862,,,,,169,,,,,,,,,,,,,,,,,,,,,
121,,,,,,,,,,,,,317.558151498,,,,,1755742391.9870136,,,,,170,,,,,,0.030000000953674315,,,0.030000000953674315,,,,,,,,,,,,
122,,,,,,,,,,,,,317.558823042,,,,0.05608333587646484,1755742391.9876869,,,,,172,,,0.05608333587646484,,,,,,,,,,,,,,,,,,
123,,,,,,,,,,,,,317.559196138,,,,,1755742391.9880302,,,,,173,,,,,,,,,,,0.013880870819091796,,,,,,,,0.013880870819091796,,
124,,,,,,,,,,,,,317.559522224,,,,,1755742391.9884002,0.016263072967529296,,,,174,0.016263072967529296,,,,,,,,,,,,,,,,,,,,
125,0.01874699640274048,,,,,,,,,,,,317.559876872,,0.01874699640274048,,,1755742391.988739,,,,,175,,,,,,,,,,,,,,,,,,,,,
126,,,,,,,,0.02164328098297119,,,,,317.560238904,,,,,1755742391.989065,,,,,176,,,,,0.02164328098297119,,,,,,,,,,,,,,,,
127,,,,,,,,,0.024754024982452393,,,,317.560511726,,,,,1755742391.989435,,,,,177,,,,,,,,,,,,,,,,,0.024754024982452393,,,,
128,,,,,,,,,,,,,317.560867434,,,,,1755742391.989736,,,,,178,,,,,,,,0.01633333396911621,,,,0.01633333396911621,,,,,,,,,
129,,,,,,,,,,,,,317.56156409,,,,,1755742391.9904482,,0.0325,,,180,,,,,,,,,,0.0325,,,,,,,,,,,
130,,,,,,,,,,,,,317.561927963,,,,,1755742391.9907818,,,,,181,,,,,,,0.04550000190734863,,,,,,,0.04550000190734863,,,,,,,
131,,,,,,,,,,0.06083333587646484,,,317.562326241,,,,,1755742391.9911444,,,,,182,,,,,,,,,,,,,,,,,,,,0.06083333587646484,
132,,,,0.013668051719665527,,,,,,,,,317.562669197,,,,,1755742391.991504,,,,,183,,,,,,,,,,,,,0.013668051719665527,,,,,,,,
133,,,,,,,,,,,,,317.563739894,0.02268858528137207,,,,1755742391.992632,,,,,186,,0.02268858528137207,,,,,,,,,,,,,,,,,,,
134,,,,,6.415654416517778,,,,,,,,317.642564717,,,,,1755742392.07118,,,,,188,,,,,,,,,,,,,,,,,,,,,
135,,,,,,,,,,,,0.016708333253860473,352.769816957,,,,,1755742427.198413,,,,0.016708333253860473,189,,,,,,,,,,,,,,,,,,,,,
136,,,,,,,,,,,,,352.77063237,,,,,1755742427.1994371,,,,,191,,,,,,0.03150000095367431,,,0.03150000095367431,,,,,,,,,,,,
137,,,,,,,,,,,0.04133333396911621,,352.770982464,,,,,1755742427.1998196,,,,,192,,,,,,,,,,,,,,,0.04133333396911621,,,,,,
138,,,,,,,,0.022116403579711914,,,,,352.772746027,,,,,1755742427.2016177,,,,,197,,,,,0.022116403579711914,,,,,,,,,,,,,,,,
139,,,,,,,,,0.02525449752807617,,,,352.773168038,,,,,1755742427.2019503,,,,,198,,,,,,,,,,,,,,,,,0.02525449752807617,,,,
140,,,,,,,,,,,,,352.773524789,,,,,1755742427.2023516,,,,,199,,,,,,,,0.01833333396911621,,,,0.01833333396911621,,,,,,,,,
141,,,,,,,,,,,,,352.773950262,,,0.023833333969116213,,1755742427.20274,,,,,200,,,,,,,,,,,,,,,,,,,,,0.023833333969116213
142,,,,,,,,,,,,,352.774748217,,,,,1755742427.2035635,,,,,202,,,,,,,0.04416666793823242,,,,,,,0.04416666793823242,,,,,,,
143,,,,,,,,,,0.06066666793823242,,,352.775074592,,,,,1755742427.2039387,,,,,203,,,,,,,,,,,,,,,,,,,,0.06066666793823242,
144,,,,0.015329130172729492,,,,,,,,,352.775487063,,,,,1755742427.2042708,,,,,204,,,,,,,,,,,,,0.015329130172729492,,,,,,,,
145,,,,,,0.020665520668029784,,,,,,,352.776199492,,,,,1755742427.205047,,,,,206,,,,,,,,,,,,,,,,0.020665520668029784,,,,,
146,,,,,,,,,,,,,352.776537714,0.023248859405517578,,,,1755742427.2054026,,,,,207,,0.023248859405517578,,,,,,,,,,,,,,,,,,,
147,,,,,6.112263644825329,,,,,,,,352.854093801,,,,,1755742427.2827358,,,,,209,,,,,,,,,,,,,,,,,,,,,
148,,,,,,,,,,,,0.016708333253860473,387.761910197,,,,,1755742462.190592,,,,0.016375000715255737,210,,,,,,,,,,,,,,,,,,,,,
149,,0.022916667461395264,0.022833334445953368,,,,,,,,,,387.762281528,,,,,1755742462.19111,,,,,211,,,,,,,,,,,,,,,,,,,,,
150,,,,,,,,,,,,,387.762499306,,,,,1755742462.191467,,,,,212,,,,,,0.03208333396911621,,,0.03150000095367431,,,,,,,,,,,,
151,,,,,,,,,,,,,387.763172451,,,,0.056250001907348635,1755742462.192026,,,,,214,,,0.05375000190734863,,,,,,,,,,,,,,,,,,
152,0.02013120412826538,,,,,,,,,,,,387.764232731,,0.01963431167602539,,,1755742462.1930413,,,,,217,,,,,,,,,,,,,,,,,,,,,
153,,,,,,,,,0.02525449752807617,,,,387.764902179,,,,,1755742462.193792,,,,,219,,,,,,,,,,,,,,,,,0.02516159725189209,,,,
154,,,,,,,,,,,,,387.765242553,,,,,1755742462.1941128,,,,,220,,,,,,,,0.018000001907348632,,,,0.01833333396911621,,,,,,,,,
155,,,,,,,,,,,,,387.765574112,,,0.023833333969116213,,1755742462.1944556,,,,,221,,,,,,,,,,,,,,,,,,,,,0.023333333969116212
156,,,,,,,,,,,,,387.765937865,,,,,1755742462.1947784,,0.03325,,,222,,,,,,,,,,0.03391666793823242,,,,,,,,,,,
157,,,,,,,,,,,,,387.766313322,,,,,1755742462.195143,,,,,223,,,,,,,0.04408333396911621,,,,,,,0.04416666793823242,,,,,,,
158,,,,0.015352384567260742,,,,,,,,,387.767005786,,,,,1755742462.195875,,,,,225,,,,,,,,,,,,,0.015329130172729492,,,,,,,,
159,,,,,,,,,,,,,387.767297864,,,,,1755742462.1961937,,,0.017462700843811036,,226,,,,0.017518238067626955,,,,,,,,,,,,,,,,,
160,,,,,,0.020563973426818847,,,,,,,387.767600659,,,,,1755742462.1965058,,,,,227,,,,,,,,,,,,,,,,0.020665520668029784,,,,,
161,,,,,,,0.026772138595581054,,,,,,387.768201566,,,,,1755742462.1970985,,,,,229,,,,,,,,,,,,,,,,,,0.0269063663482666,,,
162,,,,,5.842052268981933,,,,,,,,387.845312459,,,,,1755742462.2740936,,,,,230,,,,,,,,,,,,,,,,,,,,,
163,,,,,,,,,,,,0.016708333253860473,422.634105698,,,,,1755742497.0627499,,,,0.018125000953674315,231,,,,,,,,,,,,,,,,,,,,,
164,,0.022916667461395264,0.024375000953674317,,,,,,,,,,422.634483995,,,,,1755742497.0632808,,,,,232,,,,,,,,,,,,,,,,,,,,,
165,,,,,,,,,,,,,422.634827659,,,,,1755742497.0636816,,,,,233,,,,,,0.03245833492279053,,,0.03150000095367431,,,,,,,,,,,,
166,,,,,,,,,,,0.04133333396911621,,422.63516718,,,,,1755742497.064029,,,,,234,,,,,,,,,,,,,,,0.041375000953674315,,,,,,
167,,,,,,,,,,,,,422.635856667,,,,,1755742497.0647058,,,,,236,,,,,,,,,,,0.015703738212585448,,,,,,,,0.014481833934783936,,
168,,,,,,,,,,,,,422.63619682,,,,,1755742497.0650516,0.016943230152130128,,,,237,0.018222634792327882,,,,,,,,,,,,,,,,,,,,
169,0.020775994777679444,,,,,,,,,,,,422.636572379,,0.01963431167602539,,,1755742497.0654109,,,,,238,,,,,,,,,,,,,,,,,,,,,
170,,,,,,,,,0.02525449752807617,,,,422.637321078,,,,,1755742497.0661404,,,,,240,,,,,,,,,,,,,,,,,0.02587688446044922,,,,
171,,,,,,,,,,,,,422.638072048,,,0.023833333969116213,,1755742497.066841,,,,,242,,,,,,,,,,,,,,,,,,,,,0.02375
172,,,,,,,,,,,,,422.638645388,,,,,1755742497.0675755,,,,,244,,,,,,,0.04408333396911621,,,,,,,0.04416666793823242,,,,,,,
173,,,,,,,,,,0.06066666793823242,,,422.638987643,,,,,1755742497.0678499,,,,,245,,,,,,,,,,,,,,,,,,,,0.05916666793823242,
174,,,,0.015932060241699218,,,,,,,,,422.639326607,,,,,1755742497.0681672,,,,,246,,,,,,,,,,,,,0.015329130172729492,,,,,,,,
175,,,,,,,,,,,,,422.639565492,,,,,1755742497.0685174,,,0.017984389305114746,,247,,,,0.017518238067626955,,,,,,,,,,,,,,,,,
176,,,,,,0.02086499786376953,,,,,,,422.639872496,,,,,1755742497.0687935,,,,,248,,,,,,,,,,,,,,,,0.020665520668029784,,,,,
177,,,,,,,,,,,,,422.6402341,0.023652642250061036,,,,1755742497.069103,,,,,249,,0.023248859405517578,,,,,,,,,,,,,,,,,,,
178,,,,,,,,,,,,0.016708333253860473,457.663160256,,,,,1755742532.0918026,,,,0.01883333396911621,252,,,,,,,,,,,,,,,,,,,,,
179,,0.022916667461395264,0.02479166841506958,,,,,,,,,,457.663583055,,,,,1755742532.0923786,,,,,253,,,,,,,,,,,,,,,,,,,,,
180,,,,,,,,,,,0.04133333396911621,,457.664376676,,,,,1755742532.0931818,,,,,255,,,,,,,,,,,,,,,0.041125001907348635,,,,,,
181,,,,,,,,,,,,,457.664780038,,,,0.056250001907348635,1755742532.0935862,,,,,256,,,0.054375002861022946,,,,,,,,,,,,,,,,,,
182,,,,,,,,,,,,,457.665214008,,,,,1755742532.0940151,,,,,257,,,,,,,,,,,0.015956508874893187,,,,,,,,0.014481833934783936,,
183,,,,,,,,,,,,,457.665607957,,,,,1755742532.0944278,0.016943230152130128,,,,258,0.018356600284576415,,,,,,,,,,,,,,,,,,,,
184,0.020507067680358888,,,,,,,,,,,,457.665973918,,0.01963431167602539,,,1755742532.0947971,,,,,259,,,,,,,,,,,,,,,,,,,,,
185,,,,0.015528708934783935,,,,,,,,,457.669041031,,,,,1755742532.0978649,,,,,267,,,,,,,,,,,,,0.015329130172729492,,,,,,,,
186,,,,,,,,,,,,,457.669443847,,,,,1755742532.0982637,,,0.017877016067504883,,268,,,,0.017518238067626955,,,,,,,,,,,,,,,,,
187,,,,,,0.020736990928649904,,,,,,,457.66983441,,,,,1755742532.0986495,,,,,269,,,,,,,,,,,,,,,,0.020665520668029784,,,,,
188,,,,,,,,,,,,,457.670244604,0.02328368854522705,,,,1755742532.0990255,,,,,270,,0.023248859405517578,,,,,,,,,,,,,,,,,,,
189,,,,,,,0.026772138595581054,,,,,,457.670573833,,,,,1755742532.0994265,,,,,271,,,,,,,,,,,,,,,,,,0.026370664596557618,,,
190,,,,,5.384119328585538,,,,,,,,457.773089215,,,,,1755742532.20191,,,,,272,,,,,,,,,,,,,,,,,,,,,
191,,,,,,,,,,,,0.019791667461395265,493.197107804,,,,,1755742567.625771,,,,0.019791667461395265,273,,,,,,,,,,,,,,,,,,,,,
192,,,,,,,,,,,,,493.197787432,,,,,1755742567.6266866,,,,,275,,,,,,0.03479166793823242,,,0.03479166793823242,,,,,,,,,,,,
193,,,,,,,,,,,0.04637500095367432,,493.198169372,,,,,1755742567.627007,,,,,276,,,,,,,,,,,,,,,0.04637500095367432,,,,,,
194,,,,,,,,,,,,,493.198467937,,,,0.06208333587646484,1755742567.6273549,,,,,277,,,0.06208333587646484,,,,,,,,,,,,,,,,,,
195,,,,,,,,,,,,,493.198806602,,,,,1755742567.6276875,,,,,278,,,,,,,,,,,0.017246553421020508,,,,,,,,0.017246553421020508,,
196,0.022537402153015137,,,,,,,,,,,,493.199482713,,0.022537402153015137,,,1755742567.6283534,,,,,280,,,,,,,,,,,,,,,,,,,,,
197,,,,,,,,,0.028824441909790038,,,,493.200114747,,,,,1755742567.6289942,,,,,282,,,,,,,,,,,,,,,,,0.028824441909790038,,,,
198,,,,,,,,,,,,,493.200731322,,,0.025416667938232423,,1755742567.6296391,,,,,284,,,,,,,,,,,,,,,,,,,,,0.025416667938232423
199,,,,,,,,,,,,,493.201081586,,,,,1755742567.6299584,,0.036583333969116213,,,285,,,,,,,,,,0.036583333969116213,,,,,,,,,,,
200,,,,,,,,,,,,,493.201430256,,,,,1755742567.6302803,,,,,286,,,,,,,0.04866666793823242,,,,,,,0.04866666793823242,,,,,,,
201,,,,,,,,,,0.06500000190734863,,,493.201738662,,,,,1755742567.6306252,,,,,287,,,,,,,,,,,,,,,,,,,,0.06500000190734863,
202,,,,,,,,,,,,,493.202380388,,,,,1755742567.6312866,,,0.019342572212219238,,289,,,,0.019342572212219238,,,,,,,,,,,,,,,,,
203,,,,,,0.022866920471191408,,,,,,,493.202731844,,,,,1755742567.631611,,,,,290,,,,,,,,,,,,,,,,0.022866920471191408,,,,,
204,,,,,,,,,,,,,493.203043053,0.025931760787963866,,,,1755742567.6319265,,,,,291,,0.025931760787963866,,,,,,,,,,,,,,,,,,,
205,,,,,,,0.029383560180664063,,,,,,493.203310646,,,,,1755742567.6322424,,,,,292,,,,,,,,,,,,,,,,,,0.029383560180664063,,,
206,,,,,5.185986978357488,,,,,,,,493.282298225,,,,,1755742567.7111368,,,,,293,,,,,,,,,,,,,,,,,,,,,
207,,,,,,,,,,,,0.020166666984558105,528.60159033,,,,,1755742603.0302193,,,,0.020166666984558105,294,,,,,,,,,,,,,,,,,,,,,
208,,0.02683333444595337,0.02683333444595337,,,,,,,,,,528.601951246,,,,,1755742603.0307977,,,,,295,,,,,,,,,,,,,,,,,,,,,
209,,,,,,,,,,,,,528.602318385,,,,,1755742603.031164,,,,,296,,,,,,0.03604166793823242,,,0.03604166793823242,,,,,,,,,,,,
210,,,,,,,,,,,0.04658333492279053,,528.602631655,,,,,1755742603.0315158,,,,,297,,,,,,,,,,,,,,,0.04658333492279053,,,,,,
211,,,,,,,,,,,,,528.602966907,,,,0.06379166984558106,1755742603.0318274,,,,,298,,,0.06379166984558106,,,,,,,,,,,,,,,,,,
212,,,,,,,,,,,,,528.603277002,,,,,1755742603.0321515,,,,,299,,,,,,,,,,,0.017501570224761964,,,,,,,,0.017501570224761964,,
213,0.023040876865386962,,,,,,,,,,,,528.603945985,,0.023040876865386962,,,1755742603.0328233,,,,,301,,,,,,,,,,,,,,,,,,,,,
214,,,,,,,,,0.029396802425384522,,,,528.604619484,,,,,1755742603.0334978,,,,,303,,,,,,,,,,,,,,,,,0.029396802425384522,,,,
215,,,,,,,,,,,,,528.604956961,,,,,1755742603.0338337,,,,,304,,,,,,,,0.019583333969116212,,,,0.019583333969116212,,,,,,,,,
216,,,,,,,,,,,,,528.60532578,,,0.025750000953674315,,1755742603.034168,,,,,305,,,,,,,,,,,,,,,,,,,,,0.025750000953674315
217,,,,,,,,,,,,,528.606030784,,,,,1755742603.0348651,,,,,307,,,,,,,0.048000001907348634,,,,,,,0.048000001907348634,,,,,,,
218,,,,0.016850818634033204,,,,,,,,,528.606869155,,,,,1755742603.0356505,,,,,309,,,,,,,,,,,,,0.016850818634033204,,,,,,,,
219,,,,,,0.023021787643432618,,,,,,,528.607632738,,,,,1755742603.0364854,,,,,311,,,,,,,,,,,,,,,,0.023021787643432618,,,,,
220,,,,,,,0.029367310523986816,,,,,,528.608278107,,,,,1755742603.03711,,,,,313,,,,,,,,,,,,,,,,,,0.029367310523986816,,,
221,,,,,4.996377381411466,,,,,,,,528.687269445,,,,,1755742603.115564,,,,,314,,,,,,,,,,,,,,,,,,,,,
222,,,,,,,,,,,,0.020166666984558105,563.428405461,,,,,1755742637.8570502,,,,0.019833333969116212,315,,,,,,,,,,,,,,,,,,,,,
223,,0.02683333444595337,0.02658333396911621,,,,,,,,,,563.428728366,,,,,1755742637.8576176,,,,,316,,,,,,,,,,,,,,,,,,,,,
224,,,,,,,,,,,,,563.430477173,,,,,1755742637.8593416,0.02021718883514404,,,,321,0.019960970878601075,,,,,,,,,,,,,,,,,,,,
225,0.02253819513320923,,,,,,,,,,,,563.430823837,,0.023040876865386962,,,1755742637.8596933,,,,,322,,,,,,,,,,,,,,,,,,,,,
226,,,,,,,,0.02559872245788574,,,,,563.431169507,,,,,1755742637.860044,,,,,323,,,,,0.0257480673789978,,,,,,,,,,,,,,,,
227,,,,,,,,,0.029396802425384522,,,,563.431547032,,,,,1755742637.8603966,,,,,324,,,,,,,,,,,,,,,,,0.029133753776550295,,,,
228,,,,,,,,,,,,,563.432537769,,,,,1755742637.8614311,,0.03733333587646484,,,327,,,,,,,,,,0.03750000190734863,,,,,,,,,,,
229,,,,,,,,,,0.0655,,,563.43323917,,,,,1755742637.8620942,,,,,329,,,,,,,,,,,,,,,,,,,,0.06691666793823242,
230,,,,0.01727803611755371,,,,,,,,,563.433586428,,,,,1755742637.862463,,,,,330,,,,,,,,,,,,,0.016850818634033204,,,,,,,,
231,,,,,,,,,,,,,563.433911728,,,,,1755742637.8627977,,,0.019634735107421874,,331,,,,0.01934686279296875,,,,,,,,,,,,,,,,,
232,,,,,,0.023137474060058595,,,,,,,563.434272286,,,,,1755742637.8631284,,,,,332,,,,,,,,,,,,,,,,0.023021787643432618,,,,,
233,,,,,,,,,,,,,563.434579053,0.02585542678833008,,,,1755742637.8634653,,,,,333,,0.02568179702758789,,,,,,,,,,,,,,,,,,,
234,,,,,4.800491411035711,,,,,,,,563.512183141,,,,,1755742637.9410193,,,,,335,,,,,,,,,,,,,,,,,,,,,
235,,,,,,,,,,,,0.020166666984558105,598.543339947,,,,,1755742672.9720087,,,,0.01920833444595337,336,,,,,,,,,,,,,,,,,,,,,
236,,0.02683333444595337,0.02758333492279053,,,,,,,,,,598.543724377,,,,,1755742672.97257,,,,,337,,,,,,,,,,,,,,,,,,,,,
237,,,,,,,,,,,,,598.544097314,,,,,1755742672.9729114,,,,,338,,,,,,0.03541666889190674,,,0.03604166793823242,,,,,,,,,,,,
238,,,,,,,,,,,,,598.544754763,,,,0.06379166984558106,1755742672.9736366,,,,,340,,,0.06387500095367432,,,,,,,,,,,,,,,,,,
239,,,,,,,,,,,,,598.545502755,,,,,1755742672.9743319,0.02021718883514404,,,,342,0.020341434955596923,,,,,,,,,,,,,,,,,,,,
240,0.022783462047576905,,,,,,,,,,,,598.545816442,,0.023040876865386962,,,1755742672.9747202,,,,,343,,,,,,,,,,,,,,,,,,,,,
241,,,,,,,,0.0257980055809021,,,,,598.546203115,,,,,1755742672.975033,,,,,344,,,,,0.0257480673789978,,,,,,,,,,,,,,,,
242,,,,,,,,,0.029396802425384522,,,,598.546575933,,,,,1755742672.9754164,,,,,345,,,,,,,,,,,,,,,,,0.02934866285324097,,,,
243,,,,,,,,,,,,,598.546879206,,,,,1755742672.975765,,,,,346,,,,,,,,0.020166666984558105,,,,0.019583333969116212,,,,,,,,,
244,,,,,,,,,,,,,598.547258236,,,0.025750000953674315,,1755742672.9760983,,,,,347,,,,,,,,,,,,,,,,,,,,,0.02708333492279053
245,,,,,,,,,,0.0655,,,598.548239476,,,,,1755742672.977114,,,,,350,,,,,,,,,,,,,,,,,,,,0.06391666984558106,
246,,,,0.017358924865722655,,,,,,,,,598.548574605,,,,,1755742672.977467,,,,,351,,,,,,,,,,,,,0.016850818634033204,,,,,,,,
247,,,,,,,,,,,,,598.548894724,,,,,1755742672.9777904,,,0.020097593307495117,,352,,,,0.01934686279296875,,,,,,,,,,,,,,,,,
248,,,,,,0.022966608047485352,,,,,,,598.549291634,,,,,1755742672.9781115,,,,,353,,,,,,,,,,,,,,,,0.023021787643432618,,,,,
249,,,,,,,,,,,,,598.549630079,0.02598552322387695,,,,1755742672.9784987,,,,,354,,0.02568179702758789,,,,,,,,,,,,,,,,,,,
250,,,,,,,0.029367310523986816,,,,,,598.549975241,,,,,1755742672.97884,,,,,355,,,,,,,,,,,,,,,,,,0.029331949234008788,,,
251,,,,,4.553890271620317,,,,,,,,598.629695754,,,,,1755742673.0585318,,,,,356,,,,,,,,,,,,,,,,,,,,,
252,,0.02683333444595337,0.02716666793823242,,,,,,,,,,633.467772133,,,,,1755742707.8965642,,,,,358,,,,,,,,,,,,,,,,,,,,,
253,,,,,,,,,,,,,633.468393159,,,,,1755742707.896978,,,,,359,,,,,,0.03566666889190674,,,0.03604166793823242,,,,,,,,,,,,
254,,,,,,,,,,,,,633.46899627,,,,0.06379166984558106,1755742707.8977609,,,,,361,,,0.06404166793823242,,,,,,,,,,,,,,,,,,
255,,,,,,,,,,,,,633.469778044,,,,,1755742707.8985934,0.02021718883514404,,,,363,0.020558502197265623,,,,,,,,,,,,,,,,,,,,
256,0.023231723308563233,,,,,,,,,,,,633.470154871,,0.023040876865386962,,,1755742707.8989367,,,,,364,,,,,,,,,,,,,,,,,,,,,
257,,,,,,,,0.02629991912841797,,,,,633.47049604,,,,,1755742707.8993492,,,,,365,,,,,0.0257480673789978,,,,,,,,,,,,,,,,
258,,,,,,,,,0.029396802425384522,,,,633.470785513,,,,,1755742707.8996792,,,,,366,,,,,,,,,,,,,,,,,0.02974953079223633,,,,
259,,,,,,,,,,,,,633.471132979,,,,,1755742707.9000049,,,,,367,,,,,,,,0.019500000953674317,,,,0.019583333969116212,,,,,,,,,
260,,,,,,,,,,,,,633.472142966,,,,,1755742707.9010053,,,,,370,,,,,,,0.050333335876464845,,,,,,,0.048000001907348634,,,,,,,
261,,,,,,,,,,0.0655,,,633.472481519,,,,,1755742707.9013567,,,,,371,,,,,,,,,,,,,,,,,,,,0.06425000381469727,
262,,,,,,,,,,,,,633.473133366,,,,,1755742707.901991,,,0.020462506294250487,,373,,,,0.01934686279296875,,,,,,,,,,,,,,,,,
263,,,,,,0.022630805015563964,,,,,,,633.473433745,,,,,1755742707.902318,,,,,374,,,,,,,,,,,,,,,,0.023021787643432618,,,,,
264,,,,,,,,,,,,,633.473770742,0.026452633857727052,,,,1755742707.9026396,,,,,375,,0.02568179702758789,,,,,,,,,,,,,,,,,,,
265,,,,,,,0.029367310523986816,,,,,,633.474108994,,,,,1755742707.9029694,,,,,376,,,,,,,,,,,,,,,,,,0.029374679565429686,,,
266,,,,,,,,,,,,0.020166666984558105,668.32861027,,,,,1755742742.7572272,,,,0.020041667461395265,378,,,,,,,,,,,,,,,,,,,,,
267,,,,,,,,,,,,,668.329992406,,,,0.06379166984558106,1755742742.75886,,,,,382,,,0.06070833587646484,,,,,,,,,,,,,,,,,,
268,,,,,,,,,,,,,668.330451642,,,,,1755742742.759191,,,,,383,,,,,,,,,,,0.017561105012893676,,,,,,,,0.017501570224761964,,
269,0.02265724515914917,,,,,,,,,,,,668.33117237,,0.023040876865386962,,,1755742742.760007,,,,,385,,,,,,,,,,,,,,,,,,,,,
270,,,,,,,,,,,,,668.332168931,,,,,1755742742.7610443,,,,,388,,,,,,,,0.019833333969116212,,,,0.019583333969116212,,,,,,,,,
271,,,,,,,,,,,,,668.332479195,,,0.025750000953674315,,1755742742.7613623,,,,,389,,,,,,,,,,,,,,,,,,,,,0.026416666984558107
272,,,,,,,,,,,,,668.332739298,,,,,1755742742.7616758,,0.03483333396911621,,,390,,,,,,,,,,0.03750000190734863,,,,,,,,,,,
273,,,,,,,,,,,,,668.333106977,,,,,1755742742.7619445,,,,,391,,,,,,,0.04675,,,,,,,0.048000001907348634,,,,,,,
274,,,,,,,,,,,,,668.334039422,,,,,1755742742.7629337,,,0.019723903656005858,,394,,,,0.01934686279296875,,,,,,,,,,,,,,,,,
275,,,,,,,,,,,,,668.334691313,0.025363929748535158,,,,1755742742.763587,,,,,396,,0.02568179702758789,,,,,,,,,,,,,,,,,,,
276,,,,,,,0.029367310523986816,,,,,,668.334978479,,,,,1755742742.763893,,,,,397,,,,,,,,,,,,,,,,,,0.028185245513916015,,,
277,,,,,,,,,,,,0.020166666984558105,703.262930327,,,,,1755742777.691448,,,,0.019791667461395265,399,,,,,,,,,,,,,,,,,,,,,
278,,0.02683333444595337,0.025958333492279054,,,,,,,,,,703.263368481,,,,,1755742777.6921475,,,,,400,,,,,,,,,,,,,,,,,,,,,
279,,,,,,,,,,,,,703.26391677,,,,,1755742777.692557,,,,,401,,,,,,0.034250000953674316,,,0.03604166793823242,,,,,,,,,,,,
280,,,,,,,,,,,0.04658333492279053,,703.264176778,,,,,1755742777.6929529,,,,,402,,,,,,,,,,,,,,,0.04541666793823242,,,,,,
281,,,,,,,,,,,,,703.264615483,,,,0.06379166984558106,1755742777.693395,,,,,403,,,0.058500000953674317,,,,,,,,,,,,,,,,,,
282,,,,,,,,,,,,,703.264981273,,,,,1755742777.693781,,,,,404,,,,,,,,,,,0.017532108306884765,,,,,,,,0.017501570224761964,,
283,,,,,,,,,,,,,703.265342276,,,,,1755742777.6941748,0.02021718883514404,,,,405,0.01998013973236084,,,,,,,,,,,,,,,,,,,,
284,0.022597229480743407,,,,,,,,,,,,703.265697257,,0.023040876865386962,,,1755742777.6945434,,,,,406,,,,,,,,,,,,,,,,,,,,,
285,,,,,,,,0.025441657543182374,,,,,703.26601339,,,,,1755742777.6948898,,,,,407,,,,,0.0257480673789978,,,,,,,,,,,,,,,,
286,,,,,,,,,0.029396802425384522,,,,703.2663855,,,,,1755742777.6952171,,,,,408,,,,,,,,,,,,,,,,,0.028242252349853517,,,,
287,,,,,,,,,,,,,703.266708504,,,,,1755742777.695581,,,,,409,,,,,,,,0.019833333969116212,,,,0.019583333969116212,,,,,,,,,
288,,,,,,,,,,,,,703.267003224,,,0.025750000953674315,,1755742777.695908,,,,,410,,,,,,,,,,,,,,,,,,,,,0.02675
289,,,,,,,,,,,,,703.267354634,,,,,1755742777.6962063,,0.03308333492279053,,,411,,,,,,,,,,0.03750000190734863,,,,,,,,,,,
290,,,,,,,,,,,,,703.267654756,,,,,1755742777.6965392,,,,,412,,,,,,,0.04566666793823242,,,,,,,0.048000001907348634,,,,,,,
291,,,,,,,,,,0.0655,,,703.267986034,,,,,1755742777.6968763,,,,,413,,,,,,,,,,,,,,,,,,,,0.057916669845581054,
292,,,,,,,,,,,,,703.268659034,,,,,1755742777.697553,,,0.019851372718811034,,415,,,,0.01934686279296875,,,,,,,,,,,,,,,,,
293,,,,,,,0.029367310523986816,,,,,,703.269692324,,,,,1755742777.698561,,,,,418,,,,,,,,,,,,,,,,,,0.0276674280166626,,,
294,,,,,,,,,,,,0.020166666984558105,738.109726541,,,,,1755742812.5383465,,,,0.01883333396911621,420,,,,,,,,,,,,,,,,,,,,,
295,,0.02683333444595337,0.025125000953674318,,,,,,,,,,738.110114748,,,,,1755742812.5389395,,,,,421,,,,,,,,,,,,,,,,,,,,,
296,,,,,,,,,,,,,738.111879942,,,,,1755742812.540715,0.02021718883514404,,,,426,0.019752853393554686,,,,,,,,,,,,,,,,,,,,
297,0.02233904552459717,,,,,,,,,,,,738.112269208,,0.023040876865386962,,,1755742812.5410876,,,,,427,,,,,,,,,,,,,,,,,,,,,
298,,,,,,,,0.02511905288696289,,,,,738.112607069,,,,,1755742812.541474,,,,,428,,,,,0.0257480673789978,,,,,,,,,,,,,,,,
299,,,,,,,,,0.029396802425384522,,,,738.112898682,,,,,1755742812.5417933,,,,,429,,,,,,,,,,,,,,,,,0.027777128219604492,,,,
300,,,,,,,,,,,,,738.113268981,,,,,1755742812.5421238,,,,,430,,,,,,,,0.019166666984558104,,,,0.019583333969116212,,,,,,,,,
301,,,,,,,,,,,,,738.113663727,,,0.025750000953674315,,1755742812.54249,,,,,431,,,,,,,,,,,,,,,,,,,,,0.02558333396911621
302,,,,,,,,,,,,,738.113944455,,,,,1755742812.5428214,,0.03266666793823242,,,432,,,,,,,,,,0.03750000190734863,,,,,,,,,,,
303,,,,0.016945364475250243,,,,,,,,,738.114935607,,,,,1755742812.5438318,,,,,435,,,,,,,,,,,,,0.016850818634033204,,,,,,,,
304,,,,,,0.021698539733886718,,,,,,,738.115628684,,,,,1755742812.5445051,,,,,437,,,,,,,,,,,,,,,,0.023021787643432618,,,,,
305,,,,,3.52176718711853,,,,,,,,738.193776941,,,,,1755742812.6224253,,,,,440,,,,,,,,,,,,,,,,,,,,,
306,,,,,,,,,,,,0.020166666984558105,773.006344443,,,,,1755742847.434963,,,,0.019208333969116212,441,,,,,,,,,,,,,,,,,,,,,
307,,0.02683333444595337,0.025125,,,,,,,,,,773.006760065,,,,,1755742847.4355826,,,,,442,,,,,,,,,,,,,,,,,,,,,
308,,,,,,,,,,,,,773.007114191,,,,,1755742847.4359603,,,,,443,,,,,,0.03341666793823242,,,0.03604166793823242,,,,,,,,,,,,
309,,,,,,,,,,,0.04658333492279053,,773.007489491,,,,,1755742847.436315,,,,,444,,,,,,,,,,,,,,,0.04375000095367432,,,,,,
310,,,,,,,,,,,,,773.008166039,,,,,1755742847.4370153,,,,,446,,,,,,,,,,,0.017216863632202147,,,,,,,,0.017501570224761964,,
311,0.022159372329711914,,,,,,,,,,,,773.008781017,,0.023040876865386962,,,1755742847.437672,,,,,448,,,,,,,,,,,,,,,,,,,,,
312,,,,,,,,0.02475411367416382,,,,,773.009092367,,,,,1755742847.4379692,,,,,449,,,,,0.0257480673789978,,,,,,,,,,,,,,,,
313,,,,,,,,,0.029396802425384522,,,,773.009391316,,,,,1755742847.438286,,,,,450,,,,,,,,,,,,,,,,,0.027506797313690184,,,,
314,,,,,,,,,,,,,773.010396111,,,,,1755742847.439252,,0.03308333396911621,,,453,,,,,,,,,,0.03750000190734863,,,,,,,,,,,
315,,,,,,,,,,,,,773.010747737,,,,,1755742847.4396133,,,,,454,,,,,,,0.04308333206176758,,,,,,,0.048000001907348634,,,,,,,
316,,,,,,,,,,0.0655,,,773.011044357,,,,,1755742847.4399374,,,,,455,,,,,,,,,,,,,,,,,,,,0.05683333778381348,
317,,,,,,,,,,,,,773.011776463,,,,,1755742847.4406328,,,0.019224143981933593,,457,,,,0.01934686279296875,,,,,,,,,,,,,,,,,
318,,,,,,0.021529549598693846,,,,,,,773.012099744,,,,,1755742847.4409626,,,,,458,,,,,,,,,,,,,,,,0.023021787643432618,,,,,
319,,,,,,,,,,,,,773.012416557,0.024082286834716797,,,,1755742847.4412937,,,,,459,,0.02568179702758789,,,,,,,,,,,,,,,,,,,
320,,,,,,,0.029367310523986816,,,,,,773.012734403,,,,,1755742847.4416227,,,,,460,,,,,,,,,,,,,,,,,,0.026992428779602052,,,
321,,,,,3.358095056360418,,,,,,,,773.092274771,,,,,1755742847.5208871,,,,,461,,,,,,,,,,,,,,,,,,,,,
322,,,,,,,,,,,,0.020166666984558105,808.033366038,,,,,1755742882.462026,,,,0.01900000047683716,462,,,,,,,,,,,,,,,,,,,,,
323,,0.02683333444595337,0.024625000953674318,,,,,,,,,,808.033841329,,,,,1755742882.4626145,,,,,463,,,,,,,,,,,,,,,,,,,,,
324,,,,,,,,,,,,,808.03419803,,,,,1755742882.4630358,,,,,464,,,,,,0.03262500047683716,,,0.03604166793823242,,,,,,,,,,,,
325,,,,,,,,,,,,,808.035207006,,,,,1755742882.4639974,,,,,467,,,,,,,,,,,0.016974358797073364,,,,,,,,0.017501570224761964,,
326,,,,,,,,,,,,,808.035562366,,,,,1755742882.4644198,0.02021718883514404,,,,468,0.01923034429550171,,,,,,,,,,,,,,,,,,,,
327,0.021716065883636476,,,,,,,,,,,,808.03586016,,0.023040876865386962,,,1755742882.4647593,,,,,469,,,,,,,,,,,,,,,,,,,,,
328,,,,,,,,,0.029396802425384522,,,,808.036557611,,,,,1755742882.4654598,,,,,471,,,,,,,,,,,,,,,,,0.026811752319335937,,,,
329,,,,,,,,,,,,,808.036895265,,,,,1755742882.4657922,,,,,472,,,,,,,,0.01883333396911621,,,,0.019583333969116212,,,,,,,,,
330,,,,,,,,,,,,,808.037290654,,,0.025750000953674315,,1755742882.4661036,,,,,473,,,,,,,,,,,,,,,,,,,,,0.02433333396911621
331,,,,,,,,,,,,,808.037932601,,,,,1755742882.466818,,,,,475,,,,,,,0.04183333396911621,,,,,,,0.048000001907348634,,,,,,,
332,,,,,,,,,,0.0655,,,808.038340735,,,,,1755742882.467154,,,,,476,,,,,,,,,,,,,,,,,,,,0.05508333396911621,
333,,,,0.016574766159057615,,,,,,,,,808.03863804,,,,,1755742882.467522,,,,,477,,,,,,,,,,,,,0.016850818634033204,,,,,,,,
334,,,,,,,,,,,,,808.038959663,,,,,1755742882.467857,,,0.018800307273864746,,478,,,,0.01934686279296875,,,,,,,,,,,,,,,,,
335,,,,,,,,,,,,,808.039616731,0.023720163345336914,,,,1755742882.4685152,,,,,480,,0.02568179702758789,,,,,,,,,,,,,,,,,,,
336,,,,,,,0.029367310523986816,,,,,,808.03993332,,,,,1755742882.4688396,,,,,481,,,,,,,,,,,,,,,,,,0.02654224967956543,,,
337,,,,,3.2229079203172164,,,,,,,,808.116957424,,,,,1755742882.5457869,,,,,482,,,,,,,,,,,,,,,,,,,,,
338,,0.02683333444595337,0.02508333396911621,,,,,,,,,,842.861033072,,,,,1755742917.2899284,,,,,484,,,,,,,,,,,,,,,,,,,,,
339,,,,,,,,,,,0.04658333492279053,,842.86170681,,,,,1755742917.2905943,,,,,486,,,,,,,,,,,,,,,0.042833334922790525,,,,,,
340,,,,,,,,,,,,,842.862071963,,,,0.06379166984558106,1755742917.2909338,,,,,487,,,0.05479166889190674,,,,,,,,,,,,,,,,,,
341,,,,,,,,,,,,,842.862435035,,,,,1755742917.291269,,,,,488,,,,,,,,,,,0.017318483591079712,,,,,,,,0.017501570224761964,,
342,,,,,,,,,,,,,842.862752832,,,,,1755742917.2916472,0.02021718883514404,,,,489,0.019619178295135497,,,,,,,,,,,,,,,,,,,,
343,,,,,,,,,0.029396802425384522,,,,842.863816232,,,,,1755742917.2927308,,,,,492,,,,,,,,,,,,,,,,,0.027070785999298096,,,,
344,,,,,,,,,,,,,842.86452361,,,0.025750000953674315,,1755742917.2933855,,,,,494,,,,,,,,,,,,,,,,,,,,,0.025166666984558106
345,,,,,,,,,,,,,842.864860569,,,,,1755742917.2937186,,0.031750001907348634,,,495,,,,,,,,,,0.03750000190734863,,,,,,,,,,,
346,,,,,,,,,,,,,842.865189164,,,,,1755742917.2940524,,,,,496,,,,,,,0.041166666030883786,,,,,,,0.048000001907348634,,,,,,,
347,,,,,,,,,,0.0655,,,842.865517039,,,,,1755742917.2944133,,,,,497,,,,,,,,,,,,,,,,,,,,0.05441667175292969,
348,,,,0.016340076446533205,,,,,,,,,842.865846402,,,,,1755742917.2947226,,,,,498,,,,,,,,,,,,,0.016850818634033204,,,,,,,,
349,,,,,,0.02096592140197754,,,,,,,842.866507044,,,,,1755742917.2953808,,,,,500,,,,,,,,,,,,,,,,0.023021787643432618,,,,,
350,,,,,3.110394655574452,,,,,,,,842.946236186,,,,,1755742917.3748386,,,,,503,,,,,,,,,,,,,,,,,,,,,
351,,,,,,,,,,,,0.020166666984558105,878.040379434,,,,,1755742952.468777,,,,0.019416666984558104,504,,,,,,,,,,,,,,,,,,,,,
352,,0.02683333444595337,0.024875000476837158,,,,,,,,,,878.040829539,,,,,1755742952.469609,,,,,505,,,,,,,,,,,,,,,,,,,,,
353,,,,,,,,,,,,,878.041225801,,,,,1755742952.4700303,,,,,506,,,,,,0.03275000047683716,,,0.03604166793823242,,,,,,,,,,,,
354,,,,,,,,,,,,,878.041915735,,,,0.06379166984558106,1755742952.4707718,,,,,508,,,0.05395833587646484,,,,,,,,,,,,,,,,,,
355,,,,,,,,,,,,,878.042625838,,,,,1755742952.4715621,0.02021718883514404,,,,510,0.019610333442687988,,,,,,,,,,,,,,,,,,,,
356,0.02204443359375,,,,,,,,,,,,878.042919197,,0.023040876865386962,,,1755742952.4718535,,,,,511,,,,,,,,,,,,,,,,,,,,,
357,,,,,,,,0.02465562629699707,,,,,878.043323647,,,,,1755742952.4721508,,,,,512,,,,,0.0257480673789978,,,,,,,,,,,,,,,,
358,,,,,,,,,0.029396802425384522,,,,878.043632327,,,,,1755742952.4725144,,,,,513,,,,,,,,,,,,,,,,,0.026987244606018066,,,,
359,,,,,,,,,,,,,878.04396754,,,,,1755742952.4728556,,,,,514,,,,,,,,0.019250000953674316,,,,0.019583333969116212,,,,,,,,,
360,,,,,,,,,,,,,878.044284569,,,0.025750000953674315,,1755742952.473183,,,,,515,,,,,,,,,,,,,,,,,,,,,0.024833334922790527
361,,,,,,,,,,,,,878.044626065,,,,,1755742952.4735096,,0.03133333492279053,,,516,,,,,,,,,,0.03750000190734863,,,,,,,,,,,
362,,,,,,,,,,,,,878.044946114,,,,,1755742952.4738328,,,,,517,,,,,,,0.0415,,,,,,,0.048000001907348634,,,,,,,
363,,,,0.016593563079833985,,,,,,,,,878.045617716,,,,,1755742952.474504,,,,,519,,,,,,,,,,,,,0.016850818634033204,,,,,,,,
364,,,,,3.0134271708401767,,,,,,,,878.12693775,,,,,1755742952.555578,,,,,524,,,,,,,,,,,,,,,,,,,,,
365,,0.02683333444595337,0.02395833396911621,,,,,,,,,,912.808961472,,,,,1755742987.2376761,,,,,526,,,,,,,,,,,,,,,,,,,,,
366,,,,,,,,,,,0.04658333492279053,,912.809687891,,,,,1755742987.2385488,,,,,528,,,,,,,,,,,,,,,0.042208334922790525,,,,,,
367,,,,,,,,,,,,,912.810493789,,,,,1755742987.2392838,,,,,530,,,,,,,,,,,0.0174991397857666,,,,,,,,0.017501570224761964,,
368,,,,,,,,,,,,,912.810860999,,,,,1755742987.2396922,0.02021718883514404,,,,531,0.019237292289733886,,,,,,,,,,,,,,,,,,,,
369,0.021676011085510254,,,,,,,,,,,,912.811266643,,0.023040876865386962,,,1755742987.240074,,,,,532,,,,,,,,,,,,,,,,,,,,,
370,,,,,,,,,0.029396802425384522,,,,912.812020175,,,,,1755742987.2408602,,,,,534,,,,,,,,,,,,,,,,,0.02703959798812866,,,,
371,,,,,,,,,,,,,912.812822975,,,0.025750000953674315,,1755742987.2416441,,,,,536,,,,,,,,,,,,,,,,,,,,,0.0255
372,,,,,,,,,,,,,912.813251311,,,,,1755742987.242029,,0.030750001907348633,,,537,,,,,,,,,,0.03750000190734863,,,,,,,,,,,
373,,,,,,,,,,0.0655,,,912.813960425,,,,,1755742987.2428436,,,,,539,,,,,,,,,,,,,,,,,,,,0.05433333587646484,
374,,,,0.01649383783340454,,,,,,,,,912.81437092,,,,,1755742987.2431827,,,,,540,,,,,,,,,,,,,0.016850818634033204,,,,,,,,
375,,,,,,,,,,,,,912.814693714,,,,,1755742987.243579,,,0.0190755033493042,,541,,,,0.01934686279296875,,,,,,,,,,,,,,,,,
376,,,,,,0.02074052333831787,,,,,,,912.815020084,,,,,1755742987.2439117,,,,,542,,,,,,,,,,,,,,,,0.023021787643432618,,,,,
377,,,,,,,,,,,,,912.815387288,0.02347531318664551,,,,1755742987.244239,,,,,543,,0.02568179702758789,,,,,,,,,,,,,,,,,,,
378,,,,,2.9293919216502795,,,,,,,,912.89541263,,,,,1755742987.3240256,,,,,545,,,,,,,,,,,,,,,,,,,,,
379,,,,,,,,,,,,0.020166666984558105,947.676588804,,,,,1755743022.1051571,,,,0.019708333969116212,546,,,,,,,,,,,,,,,,,,,,,
380,,0.02683333444595337,0.024125000476837157,,,,,,,,,,947.676946059,,,,,1755743022.1057963,,,,,547,,,,,,,,,,,,,,,,,,,,,
381,,,,,,,,,,,,,947.677930107,,,,0.06379166984558106,1755743022.106807,,,,,550,,,0.05358333396911621,,,,,,,,,,,,,,,,,,
382,,,,,,,,,,,,,947.678262819,,,,,1755743022.1071181,,,,,551,,,,,,,,,,,0.017640165567398072,,,,,,,,0.017501570224761964,,
383,,,,,,,,,,,,,947.678556688,,,,,1755743022.1074657,0.02021718883514404,,,,552,0.019424919605255126,,,,,,,,,,,,,,,,,,,,
384,0.022000383377075196,,,,,,,,,,,,947.678925439,,0.023040876865386962,,,1755743022.107765,,,,,553,,,,,,,,,,,,,,,,,,,,,
385,,,,,,,,,,,,,947.680524279,,,,,1755743022.1094003,,0.031750000953674314,,,558,,,,,,,,,,0.03750000190734863,,,,,,,,,,,
386,,,,,,,,,,,,,947.680820782,,,,,1755743022.1097167,,,,,559,,,,,,,0.041750001907348636,,,,,,,0.048000001907348634,,,,,,,
387,,,,,,,,,,0.0655,,,947.68110982,,,,,1755743022.1100287,,,,,560,,,,,,,,,,,,,,,,,,,,0.053666667938232424,
388,,,,0.01709156036376953,,,,,,,,,947.681393602,,,,,1755743022.1103184,,,,,561,,,,,,,,,,,,,0.016850818634033204,,,,,,,,
389,,,,,,,,,,,,,947.681742319,,,,,1755743022.110608,,,0.01895410442352295,,562,,,,0.01934686279296875,,,,,,,,,,,,,,,,,
390,,,,,,0.021073593139648437,,,,,,,947.682088552,,,,,1755743022.1109343,,,,,563,,,,,,,,,,,,,,,,0.023021787643432618,,,,,
391,,,,,,,,,,,,,947.682384228,0.023603349685668944,,,,1755743022.1112676,,,,,564,,0.02568179702758789,,,,,,,,,,,,,,,,,,,
392,,,,,2.8548436121507126,,,,,,,,947.761249814,,,,,1755743022.1898708,,,,,566,,,,,,,,,,,,,,,,,,,,,
393,,,,,,,,,,,,0.020166666984558105,982.500150167,,,,,1755743056.9288056,,,,0.019416667461395264,567,,,,,,,,,,,,,,,,,,,,,
394,,0.02683333444595337,0.02395833444595337,,,,,,,,,,982.500566394,,,,,1755743056.9293773,,,,,568,,,,,,,,,,,,,,,,,,,,,
395,,,,,,,,,,,0.04658333492279053,,982.501266782,,,,,1755743056.9301195,,,,,570,,,,,,,,,,,,,,,0.04116666793823242,,,,,,
396,,,,,,,,,,,,,982.501911148,,,,,1755743056.930801,,,,,572,,,,,,,,,,,0.017305065393447876,,,,,,,,0.017501570224761964,,
397,,,,,,,,,,,,,982.502284639,,,,,1755743056.9311247,0.02021718883514404,,,,573,0.019137229919433594,,,,,,,,,,,,,,,,,,,,
398,,,,,,,,0.02395808553695679,,,,,982.502944888,,,,,1755743056.9318044,,,,,575,,,,,0.0257480673789978,,,,,,,,,,,,,,,,
399,,,,,,,,,0.029396802425384522,,,,982.503373412,,,,,1755743056.932131,,,,,576,,,,,,,,,,,,,,,,,0.026620001316070556,,,,
400,,,,,,,,,,,,,982.5044134,,,0.025750000953674315,,1755743056.9331377,,,,,578,,,,,,,,,,,,,,,,,,,,,0.024666667938232422
401,,,,,,,,,,,,,982.505086583,,,,,1755743056.9339876,,,,,580,,,,,,,0.04166666793823242,,,,,,,0.048000001907348634,,,,,,,
402,,,,,,0.020771548271179198,,,,,,,982.506398846,,,,,1755743056.9352844,,,,,584,,,,,,,,,,,,,,,,0.023021787643432618,,,,,
403,,,,,,,,,,,,,982.506728838,0.023642759323120117,,,,1755743056.9356265,,,,,585,,0.02568179702758789,,,,,,,,,,,,,,,,,,,
404,,,,,,,0.029367310523986816,,,,,,982.507046182,,,,,1755743056.9359431,,,,,586,,,,,,,,,,,,,,,,,,0.026177597045898438,,,
405,,,,,2.7871846025640314,,,,,,,,982.58959552,,,,,1755743057.0184023,,,,,587,,,,,,,,,,,,,,,,,,,,,
406,,0.02683333444595337,0.024375000476837157,,,,,,,,,,1017.520272422,,,,,1755743091.949087,,,,,589,,,,,,,,,,,,,,,,,,,,,
407,,,,,,,,,,,,,1017.520650166,,,,,1755743091.9494839,,,,,590,,,,,,0.031916667938232425,,,0.03604166793823242,,,,,,,,,,,,
408,,,,,,,,,,,0.04658333492279053,,1017.521006008,,,,,1755743091.9498365,,,,,591,,,,,,,,,,,,,,,0.041333334922790524,,,,,,
409,,,,,,,,,,,,,1017.5213691,,,,0.06379166984558106,1755743091.9501753,,,,,592,,,0.05316666793823242,,,,,,,,,,,,,,,,,,
410,,,,,,,,,,,,,1017.521717506,,,,,1755743091.950564,,,,,593,,,,,,,,,,,0.016899503707885743,,,,,,,,0.017501570224761964,,
411,,,,,,,,,,,,,1017.522127073,,,,,1755743091.9509072,0.02021718883514404,,,,594,0.019121256351470946,,,,,,,,,,,,,,,,,,,,
412,,,,,,,,,0.029396802425384522,,,,1017.523134889,,,,,1755743091.952036,,,,,597,,,,,,,,,,,,,,,,,0.026403531551361083,,,,
413,,,,,,,,,,,,,1017.523518621,,,,,1755743091.952362,,,,,598,,,,,,,,0.020500000953674317,,,,0.019583333969116212,,,,,,,,,
414,,,,,,,,,,,,,1017.524221927,,,,,1755743091.9530234,,0.030500000953674316,,,600,,,,,,,,,,0.03750000190734863,,,,,,,,,,,
415,,,,,,,,,,,,,1017.524580273,,,,,1755743091.95342,,,,,601,,,,,,,0.04191666793823242,,,,,,,0.048000001907348634,,,,,,,
416,,,,,,,,,,0.0655,,,1017.524959635,,,,,1755743091.9537923,,,,,602,,,,,,,,,,,,,,,,,,,,0.05358333587646484,
417,,,,,,0.021012982368469237,,,,,,,1017.525943835,,,,,1755743091.9548075,,,,,605,,,,,,,,,,,,,,,,0.023021787643432618,,,,,
418,,,,,,,,,,,,0.020166666984558105,1052.467734881,,,,,1755743126.8963928,,,,0.019333333969116212,609,,,,,,,,,,,,,,,,,,,,,
419,,0.02683333444595337,0.024625000476837158,,,,,,,,,,1052.468110672,,,,,1755743126.8969617,,,,,610,,,,,,,,,,,,,,,,,,,,,
420,,,,,,,,,,,,,1052.468483385,,,,,1755743126.8973234,,,,,611,,,,,,0.03175000047683716,,,0.03604166793823242,,,,,,,,,,,,
421,,,,,,,,,,,0.04658333492279053,,1052.468790723,,,,,1755743126.8976688,,,,,612,,,,,,,,,,,,,,,0.0405,,,,,,
422,,,,,,,,,,,,,1052.469135057,,,,0.06379166984558106,1755743126.8979952,,,,,613,,,0.05295833492279053,,,,,,,,,,,,,,,,,,
423,,,,,,,,,,,,,1052.469507717,,,,,1755743126.8983319,,,,,614,,,,,,,,,,,0.017001437425613403,,,,,,,,0.017501570224761964,,
424,,,,,,,,,,,,,1052.469845006,,,,,1755743126.898707,0.02021718883514404,,,,615,0.019115345478057863,,,,,,,,,,,,,,,,,,,,
425,,,,,,,,,0.029396802425384522,,,,1052.470884177,,,,,1755743126.8997872,,,,,618,,,,,,,,,,,,,,,,,0.0262462682723999,,,,
426,,,,,,,,,,,,,1052.471310702,,,,,1755743126.900127,,,,,619,,,,,,,,0.01916666793823242,,,,0.019583333969116212,,,,,,,,,
427,,,,,,,,,,,,,1052.471914845,,,,,1755743126.9008346,,0.030166667938232423,,,621,,,,,,,,,,0.03750000190734863,,,,,,,,,,,
428,,,,,,,,,,,,,1052.472292861,,,,,1755743126.9011264,,,,,622,,,,,,,0.04216666793823242,,,,,,,0.048000001907348634,,,,,,,
429,,,,0.01647407054901123,,,,,,,,,1052.472898198,,,,,1755743126.9018323,,,,,624,,,,,,,,,,,,,0.016850818634033204,,,,,,,,
430,,,,,,,,,,,,,1052.47319512,,,,,1755743126.9021099,,,0.01862957286834717,,625,,,,0.01934686279296875,,,,,,,,,,,,,,,,,
431,,,,,,,,,,,,,1052.473773351,0.023492097854614258,,,,1755743126.9027045,,,,,627,,0.02568179702758789,,,,,,,,,,,,,,,,,,,
432,,,,,,,0.029367310523986816,,,,,,1052.47414255,,,,,1755743126.9029872,,,,,628,,,,,,,,,,,,,,,,,,0.02587416648864746,,,
433,,,,,2.6671569130637427,,,,,,,,1052.552687287,,,,,1755743126.9814892,,,,,629,,,,,,,,,,,,,,,,,,,,,
434,,0.02683333444595337,0.025333333492279054,,,,,,,,,,1087.502097419,,,,,1755743161.9309158,,,,,631,,,,,,,,,,,,,,,,,,,,,
435,,,,,,,,,,,0.04658333492279053,,1087.502854035,,,,,1755743161.9316883,,,,,633,,,,,,,,,,,,,,,0.040250000953674314,,,,,,
436,,,,,,,,,,,,,1087.503212225,,,,0.06379166984558106,1755743161.932052,,,,,634,,,0.05283333492279053,,,,,,,,,,,,,,,,,,
437,,,,,,,,,,,,,1087.503616986,,,,,1755743161.932427,,,,,635,,,,,,,,,,,0.01711441421508789,,,,,,,,0.017501570224761964,,
438,,,,,,,,,,,,,1087.504016483,,,,,1755743161.932808,0.02021718883514404,,,,636,0.019498377323150635,,,,,,,,,,,,,,,,,,,,
439,,,,,,,,0.023633284091949463,,,,,1087.504696696,,,,,1755743161.9335806,,,,,638,,,,,0.0257480673789978,,,,,,,,,,,,,,,,
440,,,,,,,,,0.029396802425384522,,,,1087.505032999,,,,,1755743161.9339068,,,,,639,,,,,,,,,,,,,,,,,0.026316064834594727,,,,
441,,,,,,,,,,,,,1087.505366025,,,,,1755743161.9342394,,,,,640,,,,,,,,0.01991666793823242,,,,0.019583333969116212,,,,,,,,,
442,,,,,,,,,,,,,1087.506320735,,,,,1755743161.9352303,,,,,643,,,,,,,0.04116666793823242,,,,,,,0.048000001907348634,,,,,,,
443,,,,,,,,,,0.0655,,,1087.506649477,,,,,1755743161.9355304,,,,,644,,,,,,,,,,,,,,,,,,,,0.054166667938232424,
444,,,,0.017115550994873045,,,,,,,,,1087.506952659,,,,,1755743161.9358394,,,,,645,,,,,,,,,,,,,0.016850818634033204,,,,,,,,
445,,,,,,,,,,,,,1087.507248844,,,,,1755743161.936159,,,0.01941213321685791,,646,,,,0.01934686279296875,,,,,,,,,,,,,,,,,
446,,,,,,0.020811107635498045,,,,,,,1087.507577231,,,,,1755743161.9364505,,,,,647,,,,,,,,,,,,,,,,0.023021787643432618,,,,,
447,,,,,,,,,,,,,1087.507881701,0.023641759872436524,,,,1755743161.936771,,,,,648,,0.02568179702758789,,,,,,,,,,,,,,,,,,,
448,,,,,,,0.029367310523986816,,,,,,1087.508182667,,,,,1755743161.9370856,,,,,649,,,,,,,,,,,,,,,,,,0.02637179660797119,,,
449,,,,,2.6136071855371648,,,,,,,,1087.585848711,,,,,1755743162.0144594,,,,,650,,,,,,,,,,,,,,,,,,,,,
450,,,,,,,,,,,,0.020166666984558105,1122.465984133,,,,,1755743196.8946111,,,,0.01912500047683716,651,,,,,,,,,,,,,,,,,,,,,
451,,0.02683333444595337,0.024750000476837158,,,,,,,,,,1122.46639893,,,,,1755743196.8951802,,,,,652,,,,,,,,,,,,,,,,,,,,,
452,,,,,,,,,,,,,1122.466744228,,,,,1755743196.8955982,,,,,653,,,,,,0.03104166841506958,,,0.03604166793823242,,,,,,,,,,,,
453,,,,,,,,,,,,,1122.467901471,,,,,1755743196.896702,,,,,656,,,,,,,,,,,0.01684249687194824,,,,,,,,0.017501570224761964,,
454,,,,,,,,0.023424538135528566,,,,,1122.469113346,,,,,1755743196.8978853,,,,,659,,,,,0.0257480673789978,,,,,,,,,,,,,,,,
455,,,,,,,,,0.029396802425384522,,,,1122.469504394,,,,,1755743196.8983135,,,,,660,,,,,,,,,,,,,,,,,0.025744406223297118,,,,
456,,,,,,,,,,,,,1122.46985106,,,,,1755743196.8986928,,,,,661,,,,,,,,0.019833333969116212,,,,0.019583333969116212,,,,,,,,,
457,,,,,,,,,,0.0655,,,1122.47124885,,,,,1755743196.9001071,,,,,665,,,,,,,,,,,,,,,,,,,,0.05075000190734863,
458,,,,,,0.020442928314208984,,,,,,,1122.472267549,,,,,1755743196.9011283,,,,,668,,,,,,,,,,,,,,,,0.023021787643432618,,,,,
459,,,,,,,,,,,,,1122.472610576,0.0233601655960083,,,,1755743196.9014754,,,,,669,,0.02568179702758789,,,,,,,,,,,,,,,,,,,
460,,,,,,,,,,,,0.020166666984558105,1157.412853408,,,,,1755743231.841539,,,,0.01900000047683716,672,,,,,,,,,,,,,,,,,,,,,
461,,0.02683333444595337,0.024125000476837157,,,,,,,,,,1157.413248169,,,,,1755743231.8420985,,,,,673,,,,,,,,,,,,,,,,,,,,,
462,,,,,,,,,,,,,1157.413613454,,,,,1755743231.8424542,,,,,674,,,,,,0.031125001430511473,,,0.03604166793823242,,,,,,,,,,,,
463,,,,,,,,,,,0.04658333492279053,,1157.413923946,,,,,1755743231.8427987,,,,,675,,,,,,,,,,,,,,,0.040375000953674314,,,,,,
464,,,,,,,,,,,,,1157.414280881,,,,0.06379166984558106,1755743231.8431244,,,,,676,,,0.05250000190734863,,,,,,,,,,,,,,,,,,
465,,,,,,,,,,,,,1157.414594803,,,,,1755743231.8434424,,,,,677,,,,,,,,,,,0.01648488211631775,,,,,,,,0.017501570224761964,,
466,,,,,,,,,,,,,1157.414960494,,,,,1755743231.8438003,0.02021718883514404,,,,678,0.018556626796722413,,,,,,,,,,,,,,,,,,,,
467,0.020726341247558594,,,,,,,,,,,,1157.41529776,,0.023040876865386962,,,1755743231.8441467,,,,,679,,,,,,,,,,,,,,,,,,,,,
468,,,,,,,,,,,,,1157.416515398,,,,,1755743231.8453581,,,,,682,,,,,,,,0.020000000953674317,,,,0.019583333969116212,,,,,,,,,
469,,,,,,,,,,,,,1157.416779385,,,0.025750000953674315,,1755743231.8457117,,,,,683,,,,,,,,,,,,,,,,,,,,,0.02483333396911621
470,,,,,,,,,,,,,1157.417168625,,,,,1755743231.8459911,,0.03008333396911621,,,684,,,,,,,,,,0.03750000190734863,,,,,,,,,,,
471,,,,,,,,,,,,,1157.417484153,,,,,1755743231.8463593,,,,,685,,,,,,,0.04116666793823242,,,,,,,0.048000001907348634,,,,,,,
472,,,,,,,,,,0.0655,,,1157.417766469,,,,,1755743231.8466935,,,,,686,,,,,,,,,,,,,,,,,,,,0.05333333587646484,
473,,,,0.016932589530944824,,,,,,,,,1157.418091243,,,,,1755743231.8469815,,,,,687,,,,,,,,,,,,,0.016850818634033204,,,,,,,,
474,,,,,,,,,,,,,1157.418478226,,,,,1755743231.8472922,,,0.018888168334960938,,688,,,,0.01934686279296875,,,,,,,,,,,,,,,,,
475,,,,,,0.02059152603149414,,,,,,,1157.418773794,,,,,1755743231.8476548,,,,,689,,,,,,,,,,,,,,,,0.023021787643432618,,,,,
476,,,,,2.5150044744664974,,,,,,,,1157.497306406,,,,,1755743231.9261234,,,,,692,,,,,,,,,,,,,,,,,,,,,
477,,,,,,,,,,,,,1192.375188204,,,,,1755743266.8040252,,,,,698,,,,,,,,,,,0.01687908458709717,,,,,,,,0.017501570224761964,,
478,,,,,,,,,,,,,1192.377241017,,,0.025750000953674315,,1755743266.8061419,,,,,704,,,,,,,,,,,,,,,,,,,,,0.02525000190734863
479,,,,,,,,,,,,,1192.377604042,,,,,1755743266.8064773,,0.030166666984558107,,,705,,,,,,,,,,0.03750000190734863,,,,,,,,,,,
480,,,,,,,,,,,,,1192.377945735,,,,,1755743266.806808,,,,,706,,,,,,,0.040250001907348634,,,,,,,0.048000001907348634,,,,,,,
481,,,,0.016605180740356447,,,,,,,,,1192.378621592,,,,,1755743266.8075078,,,,,708,,,,,,,,,,,,,0.016850818634033204,,,,,,,,
482,,,,,,0.020504392623901368,,,,,,,1192.379259805,,,,,1755743266.808139,,,,,710,,,,,,,,,,,,,,,,0.023021787643432618,,,,,
483,,,,,,,,,,,,,1192.379580328,0.023068329811096192,,,,1755743266.8084793,,,,,711,,0.02568179702758789,,,,,,,,,,,,,,,,,,,
484,,,,,,,,,,,,0.020166666984558105,1227.372661944,,,,,1755743301.8012564,,,,0.01887500047683716,714,,,,,,,,,,,,,,,,,,,,,
485,,,,,,,,,,,,,1227.373387756,,,,,1755743301.8022597,,,,,716,,,,,,0.030375001430511476,,,0.03604166793823242,,,,,,,,,,,,
486,,,,,,,,,,,0.04658333492279053,,1227.373698013,,,,,1755743301.8026075,,,,,717,,,,,,,,,,,,,,,0.040125000953674314,,,,,,
487,,,,,,,,,,,,,1227.374516532,,,,,1755743301.80338,,,,,719,,,,,,,,,,,0.016428436279296875,,,,,,,,0.017501570224761964,,
488,,,,,,,,,,,,,1227.374896548,,,,,1755743301.8037236,0.02021718883514404,,,,720,0.018873733520507814,,,,,,,,,,,,,,,,,,,,
489,0.020530333042144775,,,,,,,,,,,,1227.375281897,,0.023040876865386962,,,1755743301.8040843,,,,,721,,,,,,,,,,,,,,,,,,,,,
490,,,,,,,,0.023022231101989747,,,,,1227.375677776,,,,,1755743301.8044846,,,,,722,,,,,0.0257480673789978,,,,,,,,,,,,,,,,
491,,,,,,,,,0.029396802425384522,,,,1227.375988277,,,,,1755743301.8048606,,,,,723,,,,,,,,,,,,,,,,,0.02522216749191284,,,,
492,,,,,,,,,,,,,1227.376529761,,,0.025750000953674315,,1755743301.8054907,,,,,725,,,,,,,,,,,,,,,,,,,,,0.024500000953674318
493,,,,,,,,,,,,,1227.376887655,,,,,1755743301.8057642,,0.030500000953674316,,,726,,,,,,,,,,0.03750000190734863,,,,,,,,,,,
494,,,,,,,,,,,,,1227.377220014,,,,,1755743301.8060699,,,,,727,,,,,,,0.04016666793823242,,,,,,,0.048000001907348634,,,,,,,
495,,,,,,,,,,0.0655,,,1227.377484181,,,,,1755743301.806412,,,,,728,,,,,,,,,,,,,,,,,,,,0.05083333396911621,
496,,,,0.016630577087402343,,,,,,,,,1227.377792994,,,,,1755743301.8066967,,,,,729,,,,,,,,,,,,,0.016850818634033204,,,,,,,,
497,,,,,,,,,,,,,1227.378084981,,,,,1755743301.8069966,,,0.01877720069885254,,730,,,,0.01934686279296875,,,,,,,,,,,,,,,,,
498,,,,,,,0.029367310523986816,,,,,,1227.379005979,,,,,1755743301.8079317,,,,,733,,,,,,,,,,,,,,,,,,0.025364169120788572,,,
499,,,,,2.4263759526339443,,,,,,,,1227.456991711,,,,,1755743301.885817,,,,,734,,,,,,,,,,,,,,,,,,,,,
